case_id,tester_slot,sku,language,checkout_session_id,stripe_event_id,payment_verified,entitlement_recorded,private_access_verified,recovery_notes,independent_reviewer,evidence_url,result
T01-P01,tester_slot_1,starter,en,,,NOT_RUN,NOT_RUN,NOT_RUN,,,,NOT_RUN
T01-P02,tester_slot_1,facilitator,en,,,NOT_RUN,NOT_RUN,NOT_RUN,,,,NOT_RUN
T01-P03,tester_slot_1,starter,en,,,NOT_RUN,NOT_RUN,NOT_RUN,,,,NOT_RUN
T01-P04,tester_slot_1,facilitator,es,,,NOT_RUN,NOT_RUN,NOT_RUN,,,,NOT_RUN
T01-P05,tester_slot_1,starter,en,,,NOT_RUN,NOT_RUN,NOT_RUN,,,,NOT_RUN
T02-P01,tester_slot_2,facilitator,en,,,NOT_RUN,NOT_RUN,NOT_RUN,,,,NOT_RUN
T02-P02,tester_slot_2,starter,en,,,NOT_RUN,NOT_RUN,NOT_RUN,,,,NOT_RUN
T02-P03,tester_slot_2,facilitator,es,,,NOT_RUN,NOT_RUN,NOT_RUN,,,,NOT_RUN
T02-P04,tester_slot_2,starter,en,,,NOT_RUN,NOT_RUN,NOT_RUN,,,,NOT_RUN
T02-P05,tester_slot_2,facilitator,en,,,NOT_RUN,NOT_RUN,NOT_RUN,,,,NOT_RUN
T03-P01,tester_slot_3,starter,en,,,NOT_RUN,NOT_RUN,NOT_RUN,,,,NOT_RUN
T03-P02,tester_slot_3,facilitator,es,,,NOT_RUN,NOT_RUN,NOT_RUN,,,,NOT_RUN
T03-P03,tester_slot_3,starter,en,,,NOT_RUN,NOT_RUN,NOT_RUN,,,,NOT_RUN
T03-P04,tester_slot_3,facilitator,en,,,NOT_RUN,NOT_RUN,NOT_RUN,,,,NOT_RUN
T03-P05,tester_slot_3,starter,en,,,NOT_RUN,NOT_RUN,NOT_RUN,,,,NOT_RUN
T04-P01,tester_slot_4,facilitator,es,,,NOT_RUN,NOT_RUN,NOT_RUN,,,,NOT_RUN
T04-P02,tester_slot_4,starter,en,,,NOT_RUN,NOT_RUN,NOT_RUN,,,,NOT_RUN
T04-P03,tester_slot_4,facilitator,en,,,NOT_RUN,NOT_RUN,NOT_RUN,,,,NOT_RUN
T04-P04,tester_slot_4,starter,en,,,NOT_RUN,NOT_RUN,NOT_RUN,,,,NOT_RUN
T04-P05,tester_slot_4,facilitator,es,,,NOT_RUN,NOT_RUN,NOT_RUN,,,,NOT_RUN
T05-P01,tester_slot_5,starter,en,,,NOT_RUN,NOT_RUN,NOT_RUN,,,,NOT_RUN
T05-P02,tester_slot_5,facilitator,en,,,NOT_RUN,NOT_RUN,NOT_RUN,,,,NOT_RUN
T05-P03,tester_slot_5,starter,en,,,NOT_RUN,NOT_RUN,NOT_RUN,,,,NOT_RUN
T05-P04,tester_slot_5,facilitator,es,,,NOT_RUN,NOT_RUN,NOT_RUN,,,,NOT_RUN
T05-P05,tester_slot_5,starter,en,,,NOT_RUN,NOT_RUN,NOT_RUN,,,,NOT_RUN
